{
	"pattrstorage" : 	{
		"name" : "presets",
		"slots" : 		{
			"1" : 			{
				"id" : 1,
				"data" : 				{
					"live.dial[1]" : [ 0.02880750716508 ],
					"live.dial[2]" : [ 119.701745230262816 ],
					"live.dial[3]" : [ 4.251968503937043 ],
					"live.dial[4]" : [ 0.0 ],
					"live.dial[5]" : [ 135.317130634262071 ],
					"live.dial[6]" : [ 2.0 ],
					"live.numbox" : [ 8.0 ],
					"live.numbox[1]" : [ 8.0 ],
					"rslider" : [ 1, 4 ],
					"rslider[1]" : [ 1, 4 ],
					"toggle" : [ 1 ]
				}

			}
,
			"2" : 			{
				"id" : 2,
				"data" : 				{
					"live.dial[1]" : [ 0.02880750716508 ],
					"live.dial[2]" : [ 99.505268301875802 ],
					"live.dial[3]" : [ -2.047244094488146 ],
					"live.dial[4]" : [ -5.669291338582653 ],
					"live.dial[5]" : [ 237.090954181909382 ],
					"live.dial[6]" : [ 1.0 ],
					"live.numbox" : [ 4.0 ],
					"live.numbox[1]" : [ 4.0 ],
					"rslider" : [ 1, 3 ],
					"rslider[1]" : [ 1, 4 ],
					"toggle" : [ 0 ]
				}

			}
,
			"3" : 			{
				"id" : 3,
				"data" : 				{
					"live.dial[1]" : [ 0.099999999999997 ],
					"live.dial[2]" : [ 374.206932980796068 ],
					"live.dial[3]" : [ -2.047244094488146 ],
					"live.dial[4]" : [ 5.102362204724422 ],
					"live.dial[5]" : [ 570.775621551243717 ],
					"live.dial[6]" : [ 1.0 ],
					"live.numbox" : [ 6.0 ],
					"live.numbox[1]" : [ 6.0 ],
					"rslider" : [ 1, 3 ],
					"rslider[1]" : [ 1, 4 ],
					"toggle" : [ 0 ]
				}

			}
,
			"4" : 			{
				"id" : 4,
				"data" : 				{
					"live.dial[1]" : [ 0.012931421162172 ],
					"live.dial[2]" : [ 1000.0 ],
					"live.dial[3]" : [ -8.976377952755874 ],
					"live.dial[4]" : [ -17.574803149606261 ],
					"live.dial[5]" : [ 999.999999999999886 ],
					"live.dial[6]" : [ 3.0 ],
					"live.numbox" : [ 2.0 ],
					"live.numbox[1]" : [ 2.0 ],
					"rslider" : [ 3, 5 ],
					"rslider[1]" : [ 1, 4 ],
					"toggle" : [ 0 ]
				}

			}
,
			"5" : 			{
				"id" : 5,
				"data" : 				{
					"live.dial[1]" : [ 0.109174423704122 ],
					"live.dial[2]" : [ 20.609578384511266 ],
					"live.dial[3]" : [ -8.976377952755874 ],
					"live.dial[4]" : [ 20.409448818897651 ],
					"live.dial[5]" : [ 999.999999999999886 ],
					"live.dial[6]" : [ 3.0 ],
					"live.numbox" : [ 2.0 ],
					"live.numbox[1]" : [ 2.0 ],
					"rslider" : [ 3, 5 ],
					"rslider[1]" : [ 1, 4 ],
					"toggle" : [ 0 ]
				}

			}
,
			"6" : 			{
				"id" : 6,
				"data" : 				{
					"live.dial[1]" : [ 0.084330630344644 ],
					"live.dial[2]" : [ 80.000000000000028 ],
					"live.dial[3]" : [ 3.6220472440945 ],
					"live.dial[4]" : [ 36.0 ],
					"live.dial[5]" : [ 177.709298479466355 ],
					"live.dial[6]" : [ 2.0 ],
					"live.numbox" : [ 4.0 ],
					"live.numbox[1]" : [ 4.0 ],
					"rslider" : [ 4, 4 ],
					"rslider[1]" : [ 1, 4 ],
					"toggle" : [ 0 ]
				}

			}
,
			"7" : 			{
				"id" : 7,
				"data" : 				{
					"live.dial[1]" : [ 2.119562532526203 ],
					"live.dial[2]" : [ 213.895584956524289 ],
					"live.dial[3]" : [ 7.716535433070884 ],
					"live.dial[4]" : [ 2.834645669291383 ],
					"live.dial[5]" : [ 403.593611434745185 ],
					"live.dial[6]" : [ 2.0 ],
					"live.numbox" : [ 2.0 ],
					"live.numbox[1]" : [ 2.0 ],
					"rslider" : [ 1, 3 ],
					"rslider[1]" : [ 1, 4 ],
					"toggle" : [ 0 ]
				}

			}
,
			"8" : 			{
				"id" : 8,
				"data" : 				{
					"live.dial[1]" : [ 0.05301853248875 ],
					"live.dial[2]" : [ 230.646075465380136 ],
					"live.dial[3]" : [ -2.047244094488146 ],
					"live.dial[4]" : [ -0.566929133858252 ],
					"live.dial[5]" : [ 306.608593217187263 ],
					"live.dial[6]" : [ 1.0 ],
					"live.numbox" : [ 3.0 ],
					"live.numbox[1]" : [ 3.0 ],
					"rslider" : [ 2, 5 ],
					"rslider[1]" : [ 2, 5 ],
					"toggle" : [ 0 ]
				}

			}

		}

	}

}
